date,equity,close,shares,cash
2022-06-17,100000.0,144.6,0,100000.0
2022-06-20,100000.0,145.73,0,100000.0
2022-06-21,100000.0,150.15,0,100000.0
2022-06-22,100000.0,145.8,0,100000.0
2022-06-23,100000.0,147.5,0,100000.0
2022-06-24,100000.0,149.88,0,100000.0
2022-06-27,100000.0,164.87,0,100000.0
2022-06-28,100000.0,160.11,0,100000.0
2022-06-29,100000.0,170.58,0,100000.0
2022-06-30,100000.0,170.86,0,100000.0
2022-07-01,100000.0,166.3,0,100000.0
2022-07-04,100000.0,165.99,0,100000.0
2022-07-05,100000.0,161.5,0,100000.0
2022-07-06,100000.0,163.95,0,100000.0
2022-07-07,100000.0,161.67,0,100000.0
2022-07-08,100000.0,166.5,0,100000.0
2022-07-11,100000.0,160.39,0,100000.0
2022-07-12,100000.0,156.55,0,100000.0
2022-07-13,100000.0,157.8,0,100000.0
2022-07-14,100000.0,159.34,0,100000.0
2022-07-15,100000.0,156.35,0,100000.0
2022-07-18,100000.0,157.51,0,100000.0
2022-07-19,100000.0,157.99,0,100000.0
2022-07-20,100000.0,163.05,0,100000.0
2022-07-21,100000.0,161.31,0,100000.0
2022-07-22,100000.0,162.02,0,100000.0
2022-07-25,100000.0,162.0,0,100000.0
2022-07-26,100000.0,160.56,0,100000.0
2022-07-27,100000.0,157.51,0,100000.0
2022-07-28,100000.0,157.86,0,100000.0
2022-07-29,100000.0,153.06,0,100000.0
2022-08-01,100000.0,159.8,0,100000.0
2022-08-02,100000.0,158.6,0,100000.0
2022-08-03,100000.0,160.55,0,100000.0
2022-08-04,100000.0,160.76,0,100000.0
2022-08-05,100000.0,159.5,0,100000.0
2022-08-08,100000.0,158.8,0,100000.0
2022-08-09,100000.0,156.91,0,100000.0
2022-08-10,100000.0,153.96,0,100000.0
2022-08-11,100000.0,156.6,0,100000.0
2022-08-12,100000.0,156.1,0,100000.0
2022-08-15,100000.0,154.73,0,100000.0
2022-08-16,100000.0,160.0,0,100000.0
2022-08-17,100000.0,155.01,0,100000.0
2022-08-18,100000.0,151.9,0,100000.0
2022-08-19,100000.0,150.39,0,100000.0
2022-08-22,100000.0,152.72,0,100000.0
2022-08-23,100000.0,150.5,0,100000.0
2022-08-24,100000.0,148.0,0,100000.0
2022-08-25,100000.0,149.35,0,100000.0
2022-08-26,100000.0,150.3,0,100000.0
2022-08-29,100000.0,150.4,0,100000.0
2022-08-30,100000.0,149.03,0,100000.0
2022-08-31,100000.0,152.29,0,100000.0
2022-09-01,100000.0,149.8,0,100000.0
2022-09-02,100000.0,146.13,0,100000.0
2022-09-05,100000.0,142.23,0,100000.0
2022-09-06,100000.0,142.24,0,100000.0
2022-09-07,100000.0,139.54,0,100000.0
2022-09-08,100000.0,140.19,0,100000.0
2022-09-09,100000.0,140.27,0,100000.0
2022-09-13,100000.0,141.98,0,100000.0
2022-09-14,100000.0,138.73,0,100000.0
2022-09-15,100000.0,139.37,0,100000.0
2022-09-16,100000.0,130.82,0,100000.0
2022-09-19,100000.0,139.48,0,100000.0
2022-09-20,100000.0,137.98,0,100000.0
2022-09-21,100000.0,133.92,0,100000.0
2022-09-22,100000.0,133.26,0,100000.0
2022-09-23,100000.0,132.39,0,100000.0
2022-09-26,100000.0,133.0,0,100000.0
2022-09-27,100000.0,144.97,0,100000.0
2022-09-28,100000.0,144.3,0,100000.0
2022-09-29,100000.0,144.2,0,100000.0
2022-09-30,100000.0,141.88,0,100000.0
2022-10-10,100000.0,132.81,0,100000.0
2022-10-11,100000.0,130.93,0,100000.0
2022-10-12,100000.0,131.24,0,100000.0
2022-10-13,100000.0,137.3,0,100000.0
2022-10-14,100000.0,138.05,0,100000.0
2022-10-17,100000.0,143.0,0,100000.0
2022-10-18,100000.0,147.19,0,100000.0
2022-10-19,100000.0,142.06,0,100000.0
2022-10-20,99973.14,149.2,600,10453.14
2022-10-21,99913.14,149.1,600,10453.14
2022-10-24,97795.45,145.76,0,97795.45
2022-10-25,97767.47,155.46,600,4491.47
2022-10-26,97431.47,154.9,600,4491.47
2022-10-27,99123.47,157.72,600,4491.47
2022-10-28,96681.47,153.65,600,4491.47
2022-10-31,97497.47,155.01,600,4491.47
2022-11-01,104421.47,166.55,600,4491.47
2022-11-02,106557.47,170.11,600,4491.47
2022-11-03,105471.47,168.3,600,4491.47
2022-11-04,106131.47,169.4,600,4491.47
2022-11-07,105051.47,167.6,600,4491.47
2022-11-08,103101.47,164.35,600,4491.47
2022-11-09,102291.47,163.0,600,4491.47
2022-11-10,101313.47,161.37,600,4491.47
2022-11-11,105825.47,168.89,600,4491.47
2022-11-14,106845.47,170.59,600,4491.47
2022-11-15,106893.47,170.67,600,4491.47
2022-11-16,110649.47,176.93,600,4491.47
2022-11-17,110331.47,176.4,600,4491.47
2022-11-18,110925.47,177.39,600,4491.47
2022-11-21,108669.47,173.63,600,4491.47
2022-11-22,108843.47,173.92,600,4491.47
2022-11-23,109761.47,175.45,600,4491.47
2022-11-24,107931.47,172.4,600,4491.47
2022-11-25,106941.47,170.75,600,4491.47
2022-11-28,108591.47,173.5,600,4491.47
2022-11-29,107433.47,171.57,600,4491.47
2022-11-30,107091.47,171.0,600,4491.47
2022-12-01,109635.47,175.24,600,4491.47
2022-12-02,108489.47,173.33,600,4491.47
2022-12-05,112893.47,180.67,600,4491.47
2022-12-06,117057.47,187.61,600,4491.47
2022-12-07,113655.47,181.94,600,4491.47
2022-12-08,110751.47,177.1,600,4491.47
2022-12-09,110703.47,177.02,600,4491.47
2022-12-12,110163.47,176.12,600,4491.47
2022-12-13,111807.47,178.86,600,4491.47
2022-12-14,114177.47,182.81,600,4491.47
2022-12-15,112773.47,180.47,600,4491.47
2022-12-16,110715.47,177.04,600,4491.47
2022-12-19,108171.47,172.8,600,4491.47
2022-12-20,106791.47,170.5,600,4491.47
2022-12-21,106953.47,170.77,600,4491.47
2022-12-22,111507.47,178.36,600,4491.47
2022-12-23,112755.47,180.44,600,4491.47
2022-12-26,111255.47,177.94,600,4491.47
2022-12-27,110829.47,177.23,600,4491.47
2022-12-28,110571.47,176.8,600,4491.47
2022-12-29,110091.47,176.0,600,4491.47
2022-12-30,111231.47,177.9,600,4491.47
2023-01-03,107691.47,172.0,600,4491.47
2023-01-04,107571.47,171.8,600,4491.47
2023-01-05,110061.47,175.95,600,4491.47
2023-01-06,110091.47,176.0,600,4491.47
2023-01-09,109491.47,175.0,600,4491.47
2023-01-10,112629.47,180.23,600,4491.47
2023-01-11,111399.47,178.18,600,4491.47
2023-01-12,109125.47,174.39,600,4491.47
2023-01-13,114879.47,183.98,600,4491.47
2023-01-16,116595.47,186.84,600,4491.47
2023-01-17,116691.47,187.0,600,4491.47
2023-01-18,115599.47,185.18,600,4491.47
2023-01-19,114333.47,183.07,600,4491.47
2023-01-20,112359.47,179.78,600,4491.47
2023-01-30,111297.47,178.01,600,4491.47
2023-01-31,111249.47,177.93,600,4491.47
2023-02-01,110859.47,177.28,600,4491.47
2023-02-02,114933.47,184.07,600,4491.47
2023-02-03,113745.47,182.09,600,4491.47
2023-02-06,112011.47,179.2,600,4491.47
2023-02-07,109516.76,175.27,0,109516.76
2023-02-08,109516.76,175.53,0,109516.76
2023-02-09,109516.76,192.34,0,109516.76
2023-02-10,109516.76,197.52,0,109516.76
2023-02-13,109516.76,200.41,0,109516.76
2023-02-14,109516.76,206.0,0,109516.76
2023-02-15,109516.76,207.12,0,109516.76
2023-02-16,109516.76,205.0,0,109516.76
2023-02-17,109516.76,200.5,0,109516.76
2023-02-20,109516.76,197.0,0,109516.76
2023-02-21,109516.76,203.11,0,109516.76
2023-02-22,109516.76,207.0,0,109516.76
2023-02-23,109516.76,201.72,0,109516.76
2023-02-24,109516.76,203.0,0,109516.76
2023-02-27,109516.76,202.59,0,109516.76
2023-02-28,109516.76,204.97,0,109516.76
2023-03-01,109516.76,206.0,0,109516.76
2023-03-02,109516.76,203.78,0,109516.76
2023-03-03,109516.76,203.79,0,109516.76
2023-03-06,109516.76,202.98,0,109516.76
2023-03-07,109516.76,201.42,0,109516.76
2023-03-08,109516.76,199.89,0,109516.76
2023-03-09,109516.76,199.2,0,109516.76
2023-03-10,109516.76,197.54,0,109516.76
2023-03-13,109516.76,203.42,0,109516.76
2023-03-14,109516.76,200.0,0,109516.76
2023-03-15,109516.76,196.0,0,109516.76
2023-03-16,109516.76,196.06,0,109516.76
2023-03-17,109516.76,190.84,0,109516.76
2023-03-20,109516.76,190.38,0,109516.76
2023-03-21,109516.76,192.54,0,109516.76
2023-03-22,109516.76,190.55,0,109516.76
2023-03-23,109516.76,193.15,0,109516.76
2023-03-24,109516.76,194.72,0,109516.76
2023-03-27,109516.76,190.55,0,109516.76
2023-03-28,109516.76,192.0,0,109516.76
2023-03-29,109516.76,194.04,0,109516.76
2023-03-30,109516.76,198.1,0,109516.76
2023-03-31,109516.76,192.41,0,109516.76
2023-04-03,109516.76,193.08,0,109516.76
2023-04-04,109516.76,196.25,0,109516.76
2023-04-06,109516.76,186.48,0,109516.76
2023-04-07,109516.76,184.6,0,109516.76
2023-04-10,109516.76,185.9,0,109516.76
2023-04-11,109516.76,185.42,0,109516.76
2023-04-12,109516.76,190.95,0,109516.76
2023-04-13,109516.76,181.8,0,109516.76
2023-04-14,109516.76,179.91,0,109516.76
2023-04-17,109516.76,183.34,0,109516.76
2023-04-18,109516.76,184.57,0,109516.76
2023-04-19,109516.76,187.85,0,109516.76
2023-04-20,109516.76,177.97,0,109516.76
2023-04-21,109516.76,175.35,0,109516.76
2023-04-24,109516.76,188.01,0,109516.76
2023-04-25,109516.76,178.31,0,109516.76
2023-04-26,109516.76,182.5,0,109516.76
2023-04-27,109516.76,180.76,0,109516.76
2023-04-28,109516.76,178.47,0,109516.76
2023-05-04,109516.76,171.01,0,109516.76
2023-05-05,109516.76,174.36,0,109516.76
2023-05-08,109516.76,171.73,0,109516.76
2023-05-09,109516.76,171.18,0,109516.76
2023-05-10,109516.76,171.76,0,109516.76
2023-05-11,109516.76,172.89,0,109516.76
2023-05-12,109516.76,173.0,0,109516.76
2023-05-15,109516.76,174.37,0,109516.76
2023-05-16,109516.76,175.99,0,109516.76
2023-05-17,109516.76,177.0,0,109516.76
2023-05-18,109516.76,178.85,0,109516.76
2023-05-19,109516.76,182.3,0,109516.76
2023-05-22,109516.76,182.18,0,109516.76
2023-05-23,109516.76,177.5,0,109516.76
2023-05-24,109516.76,174.79,0,109516.76
2023-05-25,109516.76,173.14,0,109516.76
2023-05-26,109516.76,172.99,0,109516.76
2023-05-29,109516.76,167.3,0,109516.76
2023-05-30,109516.76,160.17,0,109516.76
2023-05-31,109516.76,158.59,0,109516.76
2023-06-01,109516.76,163.4,0,109516.76
2023-06-02,109516.76,164.15,0,109516.76
2023-06-05,109516.76,164.16,0,109516.76
2023-06-06,109516.76,164.3,0,109516.76
2023-06-07,109516.76,162.57,0,109516.76
2023-06-08,109516.76,161.94,0,109516.76
2023-06-09,109516.76,161.64,0,109516.76
2023-06-12,109516.76,167.0,0,109516.76
2023-06-13,109516.76,171.63,0,109516.76
2023-06-14,109516.76,177.5,0,109516.76
2023-06-15,109484.56,178.88,600,2156.56
2023-06-16,109448.56,178.82,600,2156.56
2023-06-19,107253.76,175.39,0,107253.76
2023-06-20,107253.76,175.48,0,107253.76
2023-06-21,107253.76,172.0,0,107253.76
2023-06-26,107253.76,170.86,0,107253.76
2023-06-27,107253.76,173.5,0,107253.76
2023-06-28,107253.76,172.98,0,107253.76
2023-06-29,107253.76,172.0,0,107253.76
2023-06-30,107253.76,172.9,0,107253.76
2023-07-03,107221.86,177.19,600,907.86
2023-07-04,108187.86,178.8,600,907.86
2023-07-05,110701.86,182.99,600,907.86
2023-07-06,109807.86,181.5,600,907.86
2023-07-07,109867.86,181.6,600,907.86
2023-07-10,109795.86,181.48,600,907.86
2023-07-11,109603.86,181.16,600,907.86
2023-07-12,108907.86,180.0,600,907.86
2023-07-13,109537.86,181.05,600,907.86
2023-07-14,108145.86,178.73,600,907.86
2023-07-17,108901.86,179.99,600,907.86
2023-07-18,108439.86,179.22,600,907.86
2023-07-19,109987.86,181.8,600,907.86
2023-07-20,109327.86,180.7,600,907.86
2023-07-21,109837.86,181.55,600,907.86
2023-07-24,109861.86,181.59,600,907.86
2023-07-25,110947.86,183.4,600,907.86
2023-07-26,111229.86,183.87,600,907.86
2023-07-27,110407.86,182.5,600,907.86
2023-07-28,110149.86,182.07,600,907.86
2023-07-31,111037.86,183.55,600,907.86
2023-08-01,110599.86,182.82,600,907.86
2023-08-02,110227.86,182.2,600,907.86
2023-08-03,111301.86,183.99,600,907.86
2023-08-04,110203.86,182.16,600,907.86
2023-08-07,109741.86,181.39,600,907.86
2023-08-08,108757.86,179.75,600,907.86
2023-08-09,109189.86,180.47,600,907.86
2023-08-10,110407.86,182.5,600,907.86
2023-08-11,109957.86,181.75,600,907.86
2023-08-14,107287.86,177.3,600,907.86
2023-08-15,106759.86,176.42,600,907.86
2023-08-16,105795.33,175.04,0,105795.33
2023-08-17,105767.89,182.9,500,14317.89
2023-08-18,105592.89,182.55,500,14317.89
2023-08-21,106162.89,183.69,500,14317.89
2023-08-22,106312.89,183.99,500,14317.89
2023-08-23,104977.89,181.32,500,14317.89
2023-08-24,105477.89,182.32,500,14317.89
2023-08-25,105037.89,181.44,500,14317.89
2023-08-28,103872.89,179.11,500,14317.89
2023-08-29,107497.89,186.36,500,14317.89
2023-08-30,110867.89,193.1,500,14317.89
2023-08-31,112467.89,196.3,500,14317.89
2023-09-01,112817.89,197.0,500,14317.89
2023-09-04,110497.89,192.36,500,14317.89
2023-09-05,108672.89,188.71,500,14317.89
2023-09-06,109502.89,190.37,500,14317.89
2023-09-07,107732.89,186.83,500,14317.89
2023-09-08,106407.89,184.18,500,14317.89
2023-09-11,108267.89,187.9,500,14317.89
2023-09-12,107817.89,187.0,500,14317.89
2023-09-13,109002.89,189.37,500,14317.89
2023-09-14,107697.89,186.76,500,14317.89
2023-09-15,106402.89,184.17,500,14317.89
2023-09-18,106982.89,185.33,500,14317.89
2023-09-19,106542.89,184.45,500,14317.89
2023-09-20,105654.0,182.91,0,105654.0
2023-09-21,105654.0,180.56,0,105654.0
2023-09-22,105654.0,182.15,0,105654.0
2023-09-25,105654.0,181.33,0,105654.0
2023-09-26,105654.0,177.63,0,105654.0
2023-09-27,105654.0,179.65,0,105654.0
2023-09-28,105654.0,182.87,0,105654.0
2023-10-09,105626.43,183.82,500,13716.43
2023-10-10,105596.43,183.76,500,13716.43
2023-10-11,109611.43,191.79,500,13716.43
2023-10-12,108526.43,189.62,500,13716.43
2023-10-13,106201.43,184.97,500,13716.43
2023-10-16,106301.43,185.17,500,13716.43
2023-10-17,106641.43,185.85,500,13716.43
2023-10-18,106231.43,185.03,500,13716.43
2023-10-19,104003.9,180.81,0,104003.9
2023-10-20,104003.9,176.11,0,104003.9
2023-10-23,104003.9,176.2,0,104003.9
2023-10-24,104003.9,179.68,0,104003.9
2023-10-25,104003.9,181.28,0,104003.9
2023-10-26,104003.9,182.82,0,104003.9
2023-10-27,103975.4,190.02,500,8965.4
2023-10-30,104970.4,192.01,500,8965.4
2023-10-31,104995.4,192.06,500,8965.4
2023-11-01,101310.4,184.69,500,8965.4
2023-11-02,99477.58,181.26,0,99477.58
2023-11-03,99477.58,182.49,0,99477.58
2023-11-06,99477.58,182.2,0,99477.58
2023-11-07,99477.58,182.43,0,99477.58
2023-11-08,99477.58,183.74,0,99477.58
2023-11-09,99477.58,181.8,0,99477.58
2023-11-10,99477.58,181.99,0,99477.58
2023-11-13,99477.58,181.3,0,99477.58
2023-11-14,99477.58,182.11,0,99477.58
2023-11-15,99477.58,181.7,0,99477.58
2023-11-16,99477.58,180.21,0,99477.58
2023-11-17,99477.58,180.4,0,99477.58
2023-11-20,99477.58,180.81,0,99477.58
2023-11-21,99449.82,185.1,500,6899.82
2023-11-22,103149.82,192.5,500,6899.82
2023-11-23,106079.82,198.36,500,6899.82
2023-11-24,104099.82,194.4,500,6899.82
2023-11-27,103999.82,194.2,500,6899.82
2023-11-28,102844.82,191.89,500,6899.82
2023-11-29,104699.82,195.6,500,6899.82
2023-11-30,105479.82,197.16,500,6899.82
2023-12-01,104199.82,194.6,500,6899.82
2023-12-04,102799.82,191.8,500,6899.82
2023-12-05,101339.82,188.88,500,6899.82
2023-12-06,100919.82,188.04,500,6899.82
2023-12-07,102044.82,190.29,500,6899.82
2023-12-08,101489.82,189.18,500,6899.82
2023-12-11,100734.82,187.67,500,6899.82
2023-12-12,99954.82,186.11,500,6899.82
2023-12-13,100029.82,186.26,500,6899.82
2023-12-14,98945.0,184.33,0,98945.0
2023-12-15,98945.0,182.93,0,98945.0
2023-12-18,98945.0,182.94,0,98945.0
2023-12-19,98945.0,182.0,0,98945.0
2023-12-20,98945.0,176.0,0,98945.0
2023-12-21,98945.0,176.54,0,98945.0
2023-12-22,98945.0,176.4,0,98945.0
2023-12-25,98945.0,175.62,0,98945.0
2023-12-26,98945.0,175.63,0,98945.0
2023-12-27,98945.0,177.55,0,98945.0
2023-12-28,98945.0,176.96,0,98945.0
2023-12-29,98945.0,182.51,0,98945.0
2024-01-02,98945.0,182.36,0,98945.0
2024-01-03,98917.25,185.0,500,6417.25
2024-01-04,97647.25,182.46,500,6417.25
2024-01-05,96642.25,180.45,500,6417.25
2024-01-08,95187.25,177.54,500,6417.25
2024-01-09,91917.25,171.0,500,6417.25
2024-01-10,93772.25,174.71,500,6417.25
2024-01-11,92597.25,172.36,500,6417.25
2024-01-12,92367.25,171.9,500,6417.25
2024-01-15,93972.25,175.11,500,6417.25
2024-01-16,93217.25,173.6,500,6417.25
2024-01-17,90607.25,168.38,500,6417.25
2024-01-18,91417.25,170.0,500,6417.25
2024-01-19,92197.25,171.56,500,6417.25
2024-01-22,89652.25,166.47,500,6417.25
2024-01-23,89832.25,166.83,500,6417.25
2024-01-24,87767.25,162.7,500,6417.25
2024-01-25,89097.25,165.36,500,6417.25
2024-01-26,87867.25,162.9,500,6417.25
2024-01-29,92482.25,172.13,500,6417.25
2024-01-30,87997.25,163.16,500,6417.25
2024-01-31,87752.25,162.67,500,6417.25
2024-02-01,89542.25,166.25,500,6417.25
2024-02-02,90507.25,168.18,500,6417.25
2024-02-05,91827.25,170.82,500,6417.25
2024-02-06,93417.25,174.0,500,6417.25
2024-02-07,95167.25,177.5,500,6417.25
2024-02-08,93412.25,173.99,500,6417.25
2024-02-19,95232.25,177.63,500,6417.25
2024-02-20,96592.25,180.35,500,6417.25
2024-02-21,97192.25,181.55,500,6417.25
2024-02-22,96812.25,180.79,500,6417.25
2024-02-23,96612.25,180.39,500,6417.25
2024-02-26,95006.94,177.41,0,95006.94
2024-02-27,95006.94,177.37,0,95006.94
2024-02-28,95006.94,173.1,0,95006.94
2024-02-29,94980.09,178.98,500,5490.09
2024-03-01,95365.09,179.75,500,5490.09
2024-03-04,95485.09,179.99,500,5490.09
2024-03-05,96140.09,181.3,500,5490.09
2024-03-06,96710.09,182.44,500,5490.09
2024-03-07,96540.09,182.1,500,5490.09
2024-03-08,95805.09,180.63,500,5490.09
2024-03-11,97990.09,185.0,500,5490.09
2024-03-12,98220.09,185.46,500,5490.09
2024-03-13,98240.09,185.5,500,5490.09
2024-03-14,97045.09,183.11,500,5490.09
2024-03-15,97420.09,183.86,500,5490.09
2024-03-18,98990.09,187.0,500,5490.09
2024-03-19,100170.09,189.36,500,5490.09
2024-03-20,99635.09,188.29,500,5490.09
2024-03-21,99890.09,188.8,500,5490.09
2024-03-22,95695.09,180.41,500,5490.09
2024-03-25,98130.09,185.28,500,5490.09
2024-03-26,99240.09,187.5,500,5490.09
2024-03-27,98105.09,185.23,500,5490.09
2024-03-28,99655.09,188.33,500,5490.09
2024-03-29,98855.09,186.73,500,5490.09
2024-04-01,98740.09,186.5,500,5490.09
2024-04-02,100215.09,189.45,500,5490.09
2024-04-03,100300.09,189.62,500,5490.09
2024-04-08,100610.09,190.24,500,5490.09
2024-04-09,99285.09,187.59,500,5490.09
2024-04-10,99810.09,188.64,500,5490.09
2024-04-11,98790.09,186.6,500,5490.09
2024-04-12,97880.09,184.78,500,5490.09
2024-04-15,101990.09,193.0,500,5490.09
2024-04-16,101750.09,192.52,500,5490.09
2024-04-17,100965.09,190.95,500,5490.09
2024-04-18,102165.09,193.35,500,5490.09
2024-04-19,101715.09,192.45,500,5490.09
2024-04-22,103290.09,195.6,500,5490.09
2024-04-23,102990.09,195.0,500,5490.09
2024-04-24,104430.09,197.88,500,5490.09
2024-04-25,106290.09,201.6,500,5490.09
2024-04-26,105100.09,199.22,500,5490.09
2024-04-29,108485.09,205.99,500,5490.09
2024-04-30,111930.09,212.88,500,5490.09
2024-05-06,115645.09,220.31,500,5490.09
2024-05-07,117750.09,224.52,500,5490.09
2024-05-08,117890.09,224.8,500,5490.09
2024-05-09,120330.09,229.68,500,5490.09
2024-05-10,119740.09,228.5,500,5490.09
2024-05-13,117860.09,224.74,500,5490.09
2024-05-14,118315.09,225.65,500,5490.09
2024-05-15,117685.09,224.39,500,5490.09
2024-05-16,117720.09,224.46,500,5490.09
2024-05-17,118155.09,225.33,500,5490.09
2024-05-20,115640.09,220.3,500,5490.09
2024-05-21,117595.09,224.21,500,5490.09
2024-05-22,118755.09,226.53,500,5490.09
2024-05-23,117995.09,225.01,500,5490.09
2024-05-24,116490.09,222.0,500,5490.09
2024-05-27,116980.09,222.98,500,5490.09
2024-05-28,115965.09,220.95,500,5490.09
2024-05-29,115000.09,219.02,500,5490.09
2024-05-30,114465.09,217.95,500,5490.09
2024-05-31,112475.09,213.97,500,5490.09
2024-06-03,120065.09,229.15,500,5490.09
2024-06-04,119875.09,228.77,500,5490.09
2024-06-05,118990.09,227.0,500,5490.09
2024-06-06,119825.09,228.67,500,5490.09
2024-06-07,118360.09,225.74,500,5490.09
2024-06-11,117240.09,223.5,500,5490.09
2024-06-12,119695.09,228.41,500,5490.09
2024-06-13,120965.09,230.95,500,5490.09
2024-06-14,115630.09,220.28,500,5490.09
2024-06-17,115550.09,220.12,500,5490.09
2024-06-18,115760.09,220.54,500,5490.09
2024-06-19,115275.09,219.57,500,5490.09
2024-06-20,115000.09,219.02,500,5490.09
2024-06-21,113810.09,216.64,500,5490.09
2024-06-24,114390.09,217.8,500,5490.09
2024-06-25,114565.09,218.15,500,5490.09
2024-06-26,114435.09,217.89,500,5490.09
2024-06-27,113605.09,216.23,500,5490.09
2024-06-28,113365.09,215.75,500,5490.09
2024-07-01,112890.09,214.8,500,5490.09
2024-07-02,112630.09,214.28,500,5490.09
2024-07-03,105969.3,201.22,0,105969.3
2024-07-04,105969.3,204.45,0,105969.3
2024-07-05,105969.3,204.47,0,105969.3
2024-07-08,105969.3,202.8,0,105969.3
2024-07-09,105969.3,208.74,0,105969.3
2024-07-10,105969.3,210.48,0,105969.3
2024-07-11,105942.18,225.99,400,15546.18
2024-07-12,106390.18,227.11,400,15546.18
2024-07-15,109642.18,235.24,400,15546.18
2024-07-16,110070.18,236.31,400,15546.18
2024-07-17,109362.18,234.54,400,15546.18
2024-07-18,109566.18,235.05,400,15546.18
2024-07-19,111306.18,239.4,400,15546.18
2024-07-22,110918.18,238.43,400,15546.18
2024-07-23,109026.18,233.7,400,15546.18
2024-07-24,108226.18,231.7,400,15546.18
2024-07-25,108090.18,231.36,400,15546.18
2024-07-26,109706.18,235.4,400,15546.18
2024-07-29,108666.18,232.8,400,15546.18
2024-07-30,108162.18,231.54,400,15546.18
2024-07-31,108938.18,233.48,400,15546.18
2024-08-01,109022.18,233.69,400,15546.18
2024-08-02,109522.18,234.94,400,15546.18
2024-08-05,108802.18,233.14,400,15546.18
2024-08-06,111198.18,239.13,400,15546.18
2024-08-07,111498.18,239.88,400,15546.18
2024-08-08,110670.18,237.81,400,15546.18
2024-08-09,110402.18,237.14,400,15546.18
2024-08-12,109662.18,235.29,400,15546.18
2024-08-13,110086.18,236.35,400,15546.18
2024-08-14,110386.18,237.1,400,15546.18
2024-08-15,109946.18,236.0,400,15546.18
2024-08-16,110746.18,238.0,400,15546.18
2024-08-19,110778.18,238.08,400,15546.18
2024-08-20,109990.18,236.11,400,15546.18
2024-08-21,109934.18,235.97,400,15546.18
2024-08-22,109386.18,234.6,400,15546.18
2024-08-23,109658.18,235.28,400,15546.18
2024-08-26,107846.18,230.75,400,15546.18
2024-08-27,107430.18,229.71,400,15546.18
2024-08-28,107062.18,228.79,400,15546.18
2024-08-29,107650.18,230.26,400,15546.18
2024-08-30,106722.18,227.94,400,15546.18
2024-09-02,110958.18,238.53,400,15546.18
2024-09-03,109262.18,234.29,400,15546.18
2024-09-04,107506.18,229.9,400,15546.18
2024-09-05,108414.18,232.17,400,15546.18
2024-09-06,107022.18,228.69,400,15546.18
2024-09-09,106579.68,227.88,0,106579.68
2024-09-10,106552.21,228.9,400,14992.21
2024-09-11,106792.21,229.5,400,14992.21
2024-09-12,106464.21,228.68,400,14992.21
2024-09-13,104519.67,224.11,0,104519.67
2024-09-18,104519.67,226.32,0,104519.67
2024-09-19,104519.67,228.4,0,104519.67
2024-09-20,104519.67,227.04,0,104519.67
2024-09-23,104519.67,224.96,0,104519.67
2024-09-24,104519.67,227.8,0,104519.67
2024-09-25,104519.67,229.16,0,104519.67
2024-09-26,104491.17,237.54,400,9475.17
2024-09-27,108511.17,247.59,400,9475.17
2024-09-30,117867.17,270.98,400,9475.17
2024-10-08,123875.17,286.0,400,9475.17
2024-10-09,93365.97,210.0,0,93365.97
2024-10-10,93365.97,217.0,0,93365.97
2024-10-11,93365.97,220.62,0,93365.97
2024-10-14,93365.97,228.2,0,93365.97
2024-10-15,93365.97,217.8,0,93365.97
2024-10-16,93365.97,213.92,0,93365.97
2024-10-17,93365.97,213.43,0,93365.97
2024-10-18,93365.97,217.1,0,93365.97
2024-10-21,93365.97,221.4,0,93365.97
2024-10-22,93365.97,220.06,0,93365.97
2024-10-23,93365.97,220.0,0,93365.97
2024-10-24,93365.97,217.98,0,93365.97
2024-10-25,93365.97,221.99,0,93365.97
2024-10-28,93365.97,220.48,0,93365.97
2024-10-29,93365.97,220.68,0,93365.97
2024-10-30,93365.97,213.83,0,93365.97
2024-10-31,93365.97,212.17,0,93365.97
2024-11-01,93365.97,210.64,0,93365.97
2024-11-04,93365.97,217.01,0,93365.97
2024-11-05,93365.97,218.83,0,93365.97
2024-11-06,93365.97,217.36,0,93365.97
2024-11-07,93365.97,223.48,0,93365.97
2024-11-08,93365.97,217.97,0,93365.97
2024-11-11,93365.97,219.2,0,93365.97
2024-11-12,93365.97,220.33,0,93365.97
2024-11-13,93365.97,219.23,0,93365.97
2024-11-14,93365.97,215.53,0,93365.97
2024-11-15,93365.97,215.71,0,93365.97
2024-11-18,93365.97,215.8,0,93365.97
2024-11-19,93365.97,219.83,0,93365.97
2024-11-20,93365.97,218.5,0,93365.97
2024-11-21,93365.97,219.59,0,93365.97
2024-11-22,93365.97,213.77,0,93365.97
2024-11-25,93365.97,210.74,0,93365.97
2024-11-26,93365.97,211.5,0,93365.97
2024-11-27,93365.97,212.92,0,93365.97
2024-11-28,93365.97,209.78,0,93365.97
2024-11-29,93365.97,213.83,0,93365.97
2024-12-02,93365.97,218.4,0,93365.97
2024-12-03,93365.97,218.6,0,93365.97
2024-12-04,93365.97,220.94,0,93365.97
2024-12-05,93365.97,221.0,0,93365.97
2024-12-06,93365.97,220.99,0,93365.97
2024-12-09,93365.97,221.18,0,93365.97
2024-12-10,93339.1,223.95,400,3759.1
2024-12-11,100759.1,242.5,400,3759.1
2024-12-12,102307.1,246.37,400,3759.1
2024-12-13,104267.1,251.27,400,3759.1
2024-12-16,103983.1,250.56,400,3759.1
2024-12-17,104559.1,252.0,400,3759.1
2024-12-18,102599.1,247.1,400,3759.1
2024-12-19,99759.1,240.0,400,3759.1
2024-12-20,100807.1,242.62,400,3759.1
2024-12-23,100555.1,241.99,400,3759.1
2024-12-24,100607.1,242.12,400,3759.1
2024-12-25,101319.1,243.9,400,3759.1
2024-12-26,100411.1,241.63,400,3759.1
2024-12-27,101303.1,243.86,400,3759.1
2024-12-30,102339.1,246.45,400,3759.1
2024-12-31,103167.1,248.52,400,3759.1
2025-01-02,102735.1,247.44,400,3759.1
2025-01-03,102319.1,246.4,400,3759.1
2025-01-06,104439.1,251.7,400,3759.1
2025-01-07,107231.1,258.68,400,3759.1
2025-01-08,111323.1,268.91,400,3759.1
2025-01-09,112319.1,271.4,400,3759.1
2025-01-10,114543.1,276.96,400,3759.1
2025-01-13,110563.1,267.01,400,3759.1
2025-01-14,102107.1,245.87,400,3759.1
2025-01-15,98171.1,236.03,400,3759.1
2025-01-16,97479.1,234.3,400,3759.1
2025-01-17,100959.1,243.0,400,3759.1
2025-01-20,102475.1,246.79,400,3759.1
2025-01-21,103719.1,249.9,400,3759.1
2025-01-22,100883.1,242.81,400,3759.1
2025-01-23,100875.1,242.79,400,3759.1
2025-01-24,100211.1,241.13,400,3759.1
2025-01-27,101019.1,243.15,400,3759.1
2025-02-05,96238.72,231.5,0,96238.72
2025-02-06,96238.72,234.5,0,96238.72
2025-02-07,96238.72,232.31,0,96238.72
2025-02-10,96238.72,222.0,0,96238.72
2025-02-11,96238.72,223.55,0,96238.72
2025-02-12,96238.72,228.49,0,96238.72
2025-02-13,96210.39,236.01,400,1806.39
2025-02-14,93602.39,229.49,400,1806.39
2025-02-17,93174.39,228.42,400,1806.39
2025-02-18,92646.39,227.1,400,1806.39
2025-02-19,91786.39,224.95,400,1806.39
2025-02-20,93806.39,230.0,400,1806.39
2025-02-21,87806.39,215.0,400,1806.39
2025-02-24,87406.39,214.0,400,1806.39
2025-02-25,85802.39,209.99,400,1806.39
2025-02-26,86198.39,210.98,400,1806.39
2025-02-27,87358.39,213.88,400,1806.39
2025-02-28,90298.39,221.23,400,1806.39
2025-03-03,91966.39,225.4,400,1806.39
2025-03-04,91018.39,223.03,400,1806.39
2025-03-05,93202.39,228.49,400,1806.39
2025-03-06,93406.39,229.0,400,1806.39
2025-03-07,93386.39,228.95,400,1806.39
2025-03-10,92474.39,226.67,400,1806.39
2025-03-11,92602.39,226.99,400,1806.39
2025-03-12,90838.39,222.58,400,1806.39
2025-03-13,89950.39,220.36,400,1806.39
2025-03-14,94846.39,232.6,400,1806.39
2025-03-17,94290.39,231.21,400,1806.39
2025-03-18,93006.39,228.0,400,1806.39
2025-03-19,93406.39,229.0,400,1806.39
2025-03-20,96966.39,237.9,400,1806.39
2025-03-21,95464.48,234.45,0,95464.48
2025-03-24,95464.48,233.17,0,95464.48
2025-03-25,95464.48,227.53,0,95464.48
2025-03-26,95464.48,232.25,0,95464.48
2025-03-27,95435.98,237.5,400,435.98
2025-03-28,95555.98,237.8,400,435.98
2025-03-31,100023.98,248.97,400,435.98
2025-04-01,102919.98,256.21,400,435.98
2025-04-02,102595.98,255.4,400,435.98
2025-04-03,104075.98,259.1,400,435.98
2025-04-07,102435.98,255.0,400,435.98
2025-04-08,102835.98,256.0,400,435.98
2025-04-09,105383.98,262.37,400,435.98
2025-04-10,103195.98,256.9,400,435.98
2025-04-11,102523.98,255.22,400,435.98
2025-04-14,104967.98,261.33,400,435.98
2025-04-15,107467.98,267.58,400,435.98
2025-04-16,110435.98,275.0,400,435.98
2025-04-17,113755.98,283.3,400,435.98
2025-04-18,107987.98,268.88,400,435.98
2025-04-21,112035.98,279.0,400,435.98
2025-04-22,113351.98,282.29,400,435.98
2025-04-23,112651.98,280.54,400,435.98
2025-04-24,113227.98,281.98,400,435.98
2025-04-25,111575.98,277.85,400,435.98
2025-04-28,112295.98,279.65,400,435.98
2025-04-29,114391.98,284.89,400,435.98
2025-04-30,114835.98,286.0,400,435.98
2025-05-06,112535.98,280.25,400,435.98
2025-05-07,111235.98,277.0,400,435.98
2025-05-08,112123.98,279.22,400,435.98
2025-05-09,113035.98,281.5,400,435.98
2025-05-12,108639.98,270.51,400,435.98
2025-05-13,109647.98,273.03,400,435.98
2025-05-14,110755.98,275.8,400,435.98
2025-05-15,111455.98,277.55,400,435.98
2025-05-16,111627.98,277.98,400,435.98
2025-05-19,111775.98,278.35,400,435.98
2025-05-20,112835.98,281.0,400,435.98
2025-05-21,115119.98,286.71,400,435.98
2025-05-22,115187.98,286.88,400,435.98
2025-05-23,113899.98,283.66,400,435.98
2025-05-26,114827.98,285.98,400,435.98
2025-05-27,117635.98,293.0,400,435.98
2025-05-28,125023.98,311.47,400,435.98
2025-05-29,125247.98,312.03,400,435.98
2025-05-30,128435.98,320.0,400,435.98
2025-06-03,128631.98,320.49,400,435.98
2025-06-04,131815.98,328.45,400,435.98
2025-06-05,129559.98,322.81,400,435.98
2025-06-06,131927.98,328.73,400,435.98
2025-06-09,134035.98,334.0,400,435.98
2025-06-10,133355.98,332.3,400,435.98
2025-06-11,134403.98,334.92,400,435.98
2025-06-12,135035.98,336.5,400,435.98
2025-06-13,130279.98,324.61,400,435.98
2025-06-16,131375.98,327.35,400,435.98
2025-06-17,126355.98,314.8,400,435.98
2025-06-18,130271.98,324.59,400,435.98
2025-06-19,128951.98,321.29,400,435.98
2025-06-20,128895.98,321.15,400,435.98
2025-06-23,126799.98,315.91,400,435.98
2025-06-24,129071.98,321.59,400,435.98
2025-06-25,130355.98,324.8,400,435.98
2025-06-26,127911.98,318.69,400,435.98
2025-06-27,127003.98,316.42,400,435.98
2025-06-30,126055.98,314.05,400,435.98
2025-07-01,129115.98,321.7,400,435.98
2025-07-02,124467.98,310.08,400,435.98
2025-07-03,123643.98,308.02,400,435.98
2025-07-04,124175.98,309.35,400,435.98
2025-07-07,124739.98,310.76,400,435.98
2025-07-08,120927.98,301.23,400,435.98
2025-07-09,122699.98,305.66,400,435.98
2025-07-10,116684.66,291.0,0,116684.66
2025-07-11,116684.66,289.85,0,116684.66
2025-07-14,116684.66,299.44,0,116684.66
2025-07-15,116684.66,294.65,0,116684.66
2025-07-16,116684.66,291.7,0,116684.66
2025-07-17,116684.66,299.01,0,116684.66
2025-07-18,116684.66,299.03,0,116684.66
2025-07-21,116684.66,297.44,0,116684.66
2025-07-22,116684.66,293.76,0,116684.66
2025-07-23,116684.66,291.27,0,116684.66
2025-07-24,116684.66,291.24,0,116684.66
2025-07-25,116684.66,299.93,0,116684.66
2025-07-28,116684.66,290.2,0,116684.66
2025-07-29,116684.66,286.72,0,116684.66
2025-07-30,116684.66,288.91,0,116684.66
2025-07-31,116684.66,281.3,0,116684.66
2025-08-01,116684.66,285.05,0,116684.66
2025-08-04,116684.66,295.17,0,116684.66
2025-08-05,116657.23,304.83,300,25208.23
2025-08-06,114617.23,298.03,300,25208.23
2025-08-07,115058.23,299.5,300,25208.23
2025-08-08,114572.23,297.88,300,25208.23
2025-08-11,113009.23,292.67,300,25208.23
2025-08-12,112727.23,291.73,300,25208.23
2025-08-13,112733.23,291.75,300,25208.23
2025-08-14,112475.23,290.89,300,25208.23
2025-08-15,110456.23,284.16,300,25208.23
2025-08-18,110690.23,284.94,300,25208.23
2025-08-19,114203.23,296.65,300,25208.23
2025-08-20,114608.23,298.0,300,25208.23
2025-08-21,116033.23,302.75,300,25208.23
2025-08-22,115646.23,301.46,300,25208.23
2025-08-25,115904.23,302.32,300,25208.23
2025-08-26,116381.23,303.91,300,25208.23
2025-08-27,115163.23,299.85,300,25208.23
2025-08-28,114968.23,299.2,300,25208.23
2025-08-29,117890.23,308.94,300,25208.23
2025-09-01,119690.23,314.94,300,25208.23
2025-09-02,117746.23,308.46,300,25208.23
2025-09-03,114617.84,298.42,0,114617.84
2025-09-04,114617.84,296.47,0,114617.84
2025-09-05,114617.84,294.82,0,114617.84
2025-09-08,114617.84,300.08,0,114617.84
2025-09-09,114617.84,298.09,0,114617.84
2025-09-10,114617.84,297.04,0,114617.84
2025-09-11,114617.84,299.78,0,114617.84
2025-09-12,114617.84,294.82,0,114617.84
2025-09-15,114617.84,289.5,0,114617.84
2025-09-16,114617.84,292.78,0,114617.84
2025-09-17,114617.84,296.88,0,114617.84
2025-09-18,114617.84,295.63,0,114617.84
2025-09-19,114590.9,299.34,300,24788.9
2025-09-22,111143.9,287.85,300,24788.9
2025-09-23,110105.9,284.39,300,24788.9
2025-09-24,111404.9,288.72,300,24788.9
2025-09-25,110642.9,286.18,300,24788.9
2025-09-26,110453.9,285.55,300,24788.9
2025-09-29,111953.9,290.55,300,24788.9
2025-09-30,115928.9,303.8,300,24788.9
2025-10-09,115241.9,301.51,300,24788.9
2025-10-10,118292.9,311.68,300,24788.9
2025-10-13,113768.9,296.6,300,24788.9
2025-10-14,111885.53,290.7,0,111885.53
2025-10-15,111885.53,291.85,0,111885.53
2025-10-16,111858.72,297.9,300,22488.72
2025-10-17,113388.72,303.0,300,22488.72
2025-10-20,112188.72,299.0,300,22488.72
2025-10-21,112788.72,301.0,300,22488.72
2025-10-22,113088.72,302.0,300,22488.72
2025-10-23,112788.72,301.0,300,22488.72
2025-10-24,112707.72,300.73,300,22488.72
2025-10-27,108479.78,287.01,0,108479.78
2025-10-28,108479.78,286.34,0,108479.78
2025-10-29,108479.78,285.98,0,108479.78
2025-10-30,108479.78,280.0,0,108479.78
2025-10-31,108479.78,280.0,0,108479.78
2025-11-03,108479.78,271.12,0,108479.78
2025-11-04,108479.78,266.8,0,108479.78
2025-11-05,108479.78,269.8,0,108479.78
2025-11-06,108479.78,271.24,0,108479.78
2025-11-07,108479.78,277.11,0,108479.78
2025-11-10,108479.78,276.89,0,108479.78
2025-11-11,108479.78,278.1,0,108479.78
2025-11-12,108479.78,279.2,0,108479.78
2025-11-13,108479.78,272.65,0,108479.78
2025-11-14,108479.78,269.57,0,108479.78
2025-11-17,108479.78,261.42,0,108479.78
2025-11-18,108479.78,256.54,0,108479.78
2025-11-19,108479.78,259.0,0,108479.78
2025-11-20,108479.78,256.54,0,108479.78
2025-11-21,108479.78,259.96,0,108479.78
2025-11-24,108479.78,257.9,0,108479.78
2025-11-25,108479.78,258.39,0,108479.78
2025-11-26,108479.78,259.5,0,108479.78
2025-11-27,108479.78,258.59,0,108479.78
2025-11-28,108479.78,263.66,0,108479.78
2025-12-01,108479.78,269.03,0,108479.78
2025-12-02,108479.78,266.09,0,108479.78
2025-12-03,108479.78,266.5,0,108479.78
2025-12-04,108479.78,266.05,0,108479.78
2025-12-05,108479.78,262.52,0,108479.78
2025-12-08,108479.78,260.0,0,108479.78
2025-12-09,108479.78,258.22,0,108479.78
2025-12-10,108479.78,259.01,0,108479.78
2025-12-11,108479.78,259.87,0,108479.78
2025-12-12,108479.78,261.58,0,108479.78
2025-12-15,108479.78,266.19,0,108479.78
2025-12-16,108479.78,264.15,0,108479.78
2025-12-17,108479.78,269.76,0,108479.78
2025-12-18,108479.78,266.93,0,108479.78
2025-12-19,108479.78,272.65,0,108479.78
2025-12-22,108479.78,274.97,0,108479.78
2025-12-23,108479.78,272.9,0,108479.78
2025-12-24,108479.78,275.55,0,108479.78
2025-12-25,108479.78,272.11,0,108479.78
2025-12-26,108479.78,268.33,0,108479.78
2025-12-29,108479.78,268.03,0,108479.78
2025-12-30,108479.78,268.02,0,108479.78
2025-12-31,108479.78,267.39,0,108479.78
2026-01-05,108454.74,278.28,300,24970.74
2026-01-06,108370.74,278.0,300,24970.74
2026-01-07,105871.43,270.02,0,105871.43
2026-01-08,105846.33,278.87,300,22185.33
2026-01-09,105375.33,277.3,300,22185.33
2026-01-12,104475.33,274.3,300,22185.33
2026-01-13,103968.33,272.61,300,22185.33
2026-01-14,101486.11,264.68,0,101486.11
2026-01-15,101461.64,271.85,300,19906.64
2026-01-16,99964.64,266.86,300,19906.64
2026-01-19,98053.64,260.49,300,19906.64
2026-01-20,97120.64,257.38,300,19906.64
2026-01-21,95233.64,251.09,300,19906.64
2026-01-22,96757.64,256.17,300,19906.64
2026-01-23,95914.64,253.36,300,19906.64
2026-01-26,95146.64,250.8,300,19906.64
2026-01-27,93649.64,245.81,300,19906.64
2026-01-28,96259.64,254.51,300,19906.64
2026-01-29,98656.64,262.5,300,19906.64
2026-01-30,94948.64,250.14,300,19906.64
2026-02-02,97006.64,257.0,300,19906.64
2026-02-03,96094.64,253.96,300,19906.64
2026-02-04,100501.64,268.65,300,19906.64
2026-02-05,102259.64,274.51,300,19906.64
2026-02-06,102643.64,275.79,300,19906.64
2026-02-09,102106.64,274.0,300,19906.64
2026-02-10,101125.64,270.73,300,19906.64
2026-02-11,100660.64,269.18,300,19906.64
2026-02-12,100276.64,267.9,300,19906.64
2026-02-13,99243.37,264.8,0,99243.37
2026-02-24,99243.37,260.9,0,99243.37
2026-02-25,99243.37,260.49,0,99243.37
2026-02-26,99243.37,253.76,0,99243.37
2026-02-27,99243.37,241.56,0,99243.37
2026-03-02,99243.37,237.29,0,99243.37
2026-03-03,99243.37,234.98,0,99243.37
2026-03-04,99243.37,230.4,0,99243.37
2026-03-05,99243.37,234.31,0,99243.37
2026-03-06,99243.37,235.0,0,99243.37
2026-03-09,99243.37,235.84,0,99243.37
2026-03-10,99243.37,239.08,0,99243.37
2026-03-11,99243.37,237.53,0,99243.37
2026-03-12,99243.37,226.62,0,99243.37
2026-03-13,99243.37,227.2,0,99243.37
2026-03-16,99243.37,238.95,0,99243.37
2026-03-17,99243.37,237.5,0,99243.37
2026-03-18,99243.37,234.3,0,99243.37
2026-03-19,99243.37,229.95,0,99243.37
2026-03-20,99243.37,228.09,0,99243.37
2026-03-23,99243.37,219.46,0,99243.37
2026-03-24,99243.37,224.5,0,99243.37
2026-03-25,99243.37,228.9,0,99243.37
2026-03-26,99243.37,218.75,0,99243.37
2026-03-27,99243.37,225.0,0,99243.37
2026-03-30,99243.37,227.99,0,99243.37
2026-03-31,99243.37,205.27,0,99243.37
2026-04-01,99243.37,210.4,0,99243.37
2026-04-02,99243.37,206.88,0,99243.37
2026-04-03,99243.37,202.27,0,99243.37
2026-04-07,99243.37,198.04,0,99243.37
2026-04-08,99243.37,206.33,0,99243.37
2026-04-09,99243.37,201.61,0,99243.37
2026-04-10,99243.37,200.12,0,99243.37
2026-04-13,99243.37,193.95,0,99243.37
2026-04-14,99243.37,191.23,0,99243.37
2026-04-15,99243.37,193.5,0,99243.37
2026-04-16,99243.37,194.26,0,99243.37
2026-04-17,99243.37,199.8,0,99243.37
2026-04-20,99243.37,203.71,0,99243.37
2026-04-21,99243.37,201.33,0,99243.37
2026-04-22,99243.37,201.4,0,99243.37
2026-04-23,99243.37,204.18,0,99243.37
2026-04-24,99243.37,199.96,0,99243.37
2026-04-27,99243.37,197.75,0,99243.37
2026-04-28,99243.37,196.58,0,99243.37
2026-04-29,99243.37,208.33,0,99243.37
2026-04-30,99243.37,203.84,0,99243.37
2026-05-06,99243.37,200.65,0,99243.37
2026-05-07,99243.37,201.45,0,99243.37
2026-05-08,99243.37,199.98,0,99243.37
2026-05-11,99243.37,197.75,0,99243.37
2026-05-12,99243.37,194.72,0,99243.37
2026-05-13,99243.37,192.83,0,99243.37
2026-05-14,99243.37,193.5,0,99243.37
2026-05-15,99243.37,186.09,0,99243.37
2026-05-18,99243.37,142.2,0,99243.37
2026-05-19,99243.37,145.61,0,99243.37
2026-05-20,99243.37,149.0,0,99243.37
2026-05-21,99243.37,147.23,0,99243.37
2026-05-22,99243.37,144.58,0,99243.37
2026-05-25,99243.37,145.04,0,99243.37
2026-05-26,99243.37,141.62,0,99243.37
2026-05-27,99243.37,139.1,0,99243.37
2026-05-28,99243.37,141.01,0,99243.37
2026-05-29,99243.37,142.44,0,99243.37
2026-06-01,99243.37,152.3,0,99243.37
2026-06-02,99243.37,149.6,0,99243.37
2026-06-03,99243.37,143.96,0,99243.37
2026-06-04,99243.37,139.43,0,99243.37
2026-06-05,99243.37,134.39,0,99243.37
2026-06-08,99243.37,136.23,0,99243.37
2026-06-09,99243.37,133.2,0,99243.37
2026-06-10,99243.37,131.88,0,99243.37
2026-06-11,99243.37,133.12,0,99243.37
2026-06-12,99243.37,131.84,0,99243.37
2026-06-15,99243.37,128.26,0,99243.37
2026-06-16,99243.37,124.78,0,99243.37
2026-06-17,99243.37,125.39,0,99243.37
2026-06-18,99243.37,120.6,0,99243.37
2026-06-22,99243.37,120.63,0,99243.37
2026-06-23,99243.37,116.15,0,99243.37
2026-06-24,99243.37,114.05,0,99243.37
2026-06-25,99243.37,112.73,0,99243.37
2026-06-26,99243.37,110.9,0,99243.37
2026-06-29,99243.37,121.99,0,99243.37
2026-06-30,99243.37,123.43,0,99243.37
2026-07-01,99243.37,128.53,0,99243.37
2026-07-02,99243.37,124.08,0,99243.37
2026-07-03,99243.37,126.35,0,99243.37
2026-07-06,99243.37,127.9,0,99243.37
2026-07-07,99243.37,124.45,0,99243.37
2026-07-08,99243.37,127.81,0,99243.37
2026-07-09,99243.37,121.44,0,99243.37
2026-07-10,99243.37,121.51,0,99243.37
2026-07-13,99243.37,120.6,0,99243.37
2026-07-14,99243.37,119.18,0,99243.37
2026-07-15,99243.37,127.45,0,99243.37
2026-07-16,99243.37,129.65,0,99243.37
2026-07-17,99243.37,124.43,0,99243.37
2026-07-20,99243.37,126.57,0,99243.37
2026-07-21,99243.37,130.8,0,99243.37
2026-07-22,99243.37,130.8,0,99243.37
2026-07-23,99243.37,128.17,0,99243.37
2026-07-24,99243.37,125.82,0,99243.37
2026-07-27,99243.37,128.38,0,99243.37
2026-07-28,99243.37,135.16,0,99243.37
2026-07-29,99217.71,142.56,600,13681.71
2026-07-30,96601.71,138.2,600,13681.71
2026-07-31,95221.71,135.9,600,13681.71
2026-08-03,91465.71,129.64,600,13681.71
2026-08-04,89551.71,126.45,600,13681.71
2026-08-05,87205.71,122.54,600,13681.71
2026-08-06,86215.71,120.89,600,13681.71
2026-08-07,87361.71,122.8,600,13681.71
2026-08-10,92179.71,130.83,600,13681.71
2026-08-11,89405.14,126.37,0,89405.14
2026-08-12,89405.14,127.9,0,89405.14
2026-08-13,89405.14,125.97,0,89405.14
2026-08-14,89405.14,122.93,0,89405.14
2026-08-17,89405.14,123.47,0,89405.14
2026-08-18,89405.14,122.57,0,89405.14
2026-08-19,89405.14,122.75,0,89405.14
2026-08-20,89405.14,123.07,0,89405.14
2026-08-21,89405.14,120.03,0,89405.14
2026-08-24,89405.14,120.99,0,89405.14
2026-08-25,89405.14,123.7,0,89405.14
2026-08-26,89405.14,121.3,0,89405.14
2026-08-27,89405.14,120.38,0,89405.14
2026-08-28,89405.14,120.81,0,89405.14
2026-08-31,89405.14,119.98,0,89405.14
